"Reference","Qty","Value","DNP","Exclude from BOM","Exclude from Board","Exclude from Simulation","Footprint","Datasheet","JLCPCB Part #"
"C1,C2,C5,C6,C7","5","100n","","","","","Capacitor_SMD:C_0603_1608Metric","","C14663"
"C3,C4","2","10u","","","","","Capacitor_SMD:C_0805_2012Metric","","C15850"
"D1","1","LED","","","","","LED_SMD:LED_0603_1608Metric","","C2286"
"J1","1","Battery","","","","","Connector_JST:JST_PH_S2B-PH-SM4-TB_1x02-1MP_P2.00mm_Horizontal","","C295747"
"J2","1","Load cell (4-wire)","","","","","Connector_JST:JST_SH_SM04B-SRSS-TB_1x04-1MP_P1.00mm_Horizontal","","C160404"
"R1","1","100k","","","","","Resistor_SMD:R_0603_1608Metric","","C25803"
"R2,R4","2","10k","","","","","Resistor_SMD:R_0603_1608Metric","","C25804"
"R3","1","14k","","","","","Resistor_SMD:R_0603_1608Metric","","C22803"
"R5,R6","2","100","","","","","Resistor_SMD:R_0603_1608Metric","","C22775"
"R7","1","2.2k","","","","","Resistor_SMD:R_0603_1608Metric","","C4190"
"SW1","1","B3U-1000P","","","","","Button_Switch_SMD:SW_SPST_B3U-1000P","","C231329"
"U1","1","XIAO-ESP32-C3-SMD","","","","","Seeed_Studio_XIAO_Series:XIAO-ESP32-C3-SMD","https://mm.digikey.com/Volume0/opasdata/d220001/medias/docus/6209/Seeed%20113991054.pdf","C9900071238"
"U2","1","HX711","","","","","Package_SO:SOIC-16_3.9x9.9mm_P1.27mm","https://cdn.sparkfun.com/assets/b/f/5/a/e/hx711F_EN.pdf","C6705483"
"Q1","1","MMBT3906LT1G","","","","","Package_TO_SOT_SMD:SOT-23","https://www.onsemi.com/pdf/datasheet/mmbt3906lt1-d.pdf","C53444"
