Designator,Footprint,Quantity,Value,LCSC Part #
"C1, C2, C5, C6, C7",0603,5,100n,C14663
"C3, C4",0805,2,10u,C15850
D1,0603,1,LED,C2286
J1,JST_PH_S2B-PH-SM4-TB_1x02-1MP_P2.00mm_Horizontal,1,Battery,C295747
J2,JST_SH_SM04B-SRSS-TB_1x04-1MP_P1.00mm_Horizontal,1,Load cell (4-wire),C160404
Q1,SOT-23,1,MMBT3906LT1G,C53444
R1,0603,1,100k,C25803
"R2, R4",0603,2,10k,C25804
R3,0603,1,14k,C22803
"R5, R6",0603,2,100,C22775
R7,0603,1,2.2k,C4190
SW1,SW_SPST_B3U-1000P,1,B3U-1000P,C231329
U1,XIAO-ESP32-C3-SMD,1,XIAO-ESP32-C3-SMD,C18212168
U2,SOIC-16_3.9x9.9mm_P1.27mm,1,HX711,C6705483
