Designator,Mid X,Mid Y,Rotation,Layer
C1,12.8,8.525,270.0,top
C2,4.3,24.225,270.0,top
C3,9.35,9.0,0.0,top
C4,8.4,3.35,270.0,top
C5,16.2,9.025,90.0,top
C6,9.3,7.1,0.0,top
C7,5.025,12.1,0.0,top
D1,6.7125,26.9,180.0,top
J1,28.15,5.65,180.0,top
J2,19.3,3.875,0.0,top
Q1,5.25,8.1625,90.0,top
R1,10.7,22.5,0.0,top
R2,11.325,24.8,0.0,top
R3,8.2,12.1,0.0,top
R4,10.875,12.1,270.0,top
R5,18.975,8.4,180.0,top
R6,18.975,9.9,180.0,top
R7,7.5,23.9,180.0,top
SW1,11.0,28.0,90.0,top
U1,23.4175,22.061,0.0,top
U2,8.545,18.025,0.0,top
